{"cameraMode":{"drawMode":0,"name":"Shaded","section":"Shading Mode"},"sceneLighting":true,"audioPlay":false,"sceneViewState":{"m_AlwaysRefresh":false,"showFog":true,"showSkybox":true,"showFlares":true,"showImageEffects":true,"showParticleSystems":true,"showVisualEffectGraphs":true,"m_FxEnabled":true},"in2DMode":false,"pivot":{"x":25.489294052124025,"y":7.102005958557129,"z":19.249408721923829},"rotation":{"x":0.00845093373209238,"y":-0.9883259534835815,"z":0.10339222103357315,"w":0.11603180319070816},"size":3.704909086227417,"orthographic":false}