{"cameraMode":{"drawMode":0,"name":"Shaded","section":"Shading Mode"},"sceneLighting":true,"audioPlay":false,"sceneViewState":{"m_AlwaysRefresh":false,"showFog":true,"showSkybox":true,"showFlares":true,"showImageEffects":true,"showParticleSystems":true,"showVisualEffectGraphs":true,"m_FxEnabled":true},"in2DMode":false,"pivot":{"x":43.94215393066406,"y":16.017166137695314,"z":9.268315315246582},"rotation":{"x":-0.16783574223518372,"y":-0.39165136218070986,"z":0.06769388914108277,"w":-0.9028193950653076},"size":1.1660254001617432,"orthographic":false}